Tshirt,XS,Pink,Graphic,57
Pants,XXL,Black,Cargo,22
Skirt,XS,Blue,Pencil,55
Hoodie,XL,Blue,Zip-up,139
Skirt,S,Orange,A-line,71
Shirt,S,Brown,Linen,71
Pants,S,Navy,Jeans,23
Skirt,XS,Teal,Pleated,67
Shirt,XXL,Orange,Casual,31
Skirt,XS,Maroon,A-line,92
Hoodie,XXL,Purple,Zip-up,58
Jacket,XS,Yellow,Bomber,97
Jacket,L,Teal,Denim,94
Dress,S,Pink,Wrap,18
Pants,XL,Yellow,Chinos,118
Skirt,M,Yellow,A-line,83
Shirt,S,Red,Linen,102
Jacket,XS,Green,Puffer,54
Shorts,L,Orange,Denim,67
Pants,S,Pink,Cargo,109
Skirt,M,Yellow,Pencil,130
Shorts,XS,Red,Denim,39
Pants,XXL,Brown,Cargo,16
Skirt,L,Orange,A-line,64
Kurta,XS,Black,Angrakha,87
Tshirt,M,Brown,Graphic,116
Shirt,XXL,Pink,Casual,45
Kurta,XS,Maroon,Straight,39
Dress,S,Blue,Wrap,82
Shorts,XS,Black,Chino,78
Hoodie,XS,Yellow,Zip-up,21
Shorts,XS,White,Denim,121
Kurta,S,Pink,Angrakha,54
Kurta,XXL,Green,Angrakha,102
Dress,L,Orange,A-line,63
Hoodie,XS,Navy,Zip-up,150
Kurta,S,Yellow,Straight,18
Shirt,S,Purple,Flannel,84
Tshirt,XL,Yellow,Polo,124
Hoodie,XL,White,Pullover,62
Shorts,L,Green,Denim,24
Skirt,M,Brown,Pleated,119
Shirt,XXL,Black,Flannel,103
Dress,XS,Yellow,A-line,48
Kurta,L,White,Angrakha,46
Jacket,L,Yellow,Bomber,113
Kurta,XS,Red,Straight,23
Hoodie,S,Brown,Pullover,123
Hoodie,L,Red,Zip-up,97
Shirt,L,Pink,Formal,73
Skirt,XXL,Lavender,Pencil,48
Jacket,S,Red,Bomber,80
Shirt,XS,Lavender,Casual,135
Pants,XS,Purple,Chinos,17
Tshirt,XXL,Yellow,Henley,30
Hoodie,XL,Red,Zip-up,107
Kurta,M,Pink,Straight,80
Hoodie,M,Beige,Zip-up,76
Shorts,M,Purple,Denim,117
Tshirt,XS,Green,V-neck,67
Pants,M,Purple,Chinos,94
Jacket,S,Orange,Puffer,135
Shirt,XXL,Maroon,Flannel,34
Jacket,XS,Black,Denim,69
Jacket,XL,Green,Puffer,52
Jacket,XL,Lavender,Puffer,13
Tshirt,XXL,Brown,Polo,11
Shirt,M,White,Linen,41
Shorts,XL,Brown,Athletic,2
Tshirt,XS,White,V-neck,9
Dress,XL,White,Bodycon,32
Shirt,M,Teal,Flannel,91
Hoodie,XXL,Yellow,Zip-up,90
Kurta,L,White,Straight,41
Pants,L,Blue,Chinos,85
Skirt,XXL,Yellow,Pleated,40
Tshirt,L,Red,Henley,56
Hoodie,L,Teal,Pullover,58
Hoodie,XS,Green,Pullover,84
Jacket,XS,Pink,Puffer,130
Skirt,XXL,Navy,Pencil,29
Jacket,S,Pink,Bomber,27
Skirt,M,Navy,Pleated,130
Tshirt,L,Green,Polo,11
Skirt,XS,Green,Pleated,110
Tshirt,XXL,Navy,V-neck,80
Tshirt,XXL,Maroon,V-neck,79
Skirt,M,Beige,A-line,75
Kurta,S,Green,Angrakha,97
Pants,XL,Maroon,Formal Trousers,140
Shirt,M,Maroon,Oxford,110
Dress,L,Orange,Bodycon,54
Kurta,L,Grey,Straight,72
Kurta,XXL,Navy,Straight,60
Jacket,S,Green,Denim,6
Shirt,S,Lavender,Casual,18
Shorts,L,Green,Athletic,98
Shorts,L,Yellow,Denim,1
Tshirt,L,Yellow,Graphic,132
Shorts,XS,Yellow,Denim,116